﻿<?xml version="1.0" encoding="utf-8"?>
<publishData>
  <publishProfile publishUrl="http://192.168.0.249:88/SAGEP/" deleteExistingFiles="False" ftpAnonymousLogin="False" ftpPassiveMode="True" msdeploySite="" msdeploySiteID="" msdeployRemoteSitePhysicalPath="" msdeployAllowUntrustedCertificate="False" msdeploySkipExtraFilesOnServer="True" msdeployMarkAsApp="False" profileName="Perfil1" publishMethod="FileSystem" replaceMatchingFiles="True" userName="" savePWD="False" userPWD="" SelectedForPublish="True">
    <file relUrl="Cotizaciones.aspx" publishTime="09/06/2021 16:07:31" />
    <file relUrl="BolsaDeTrabajo.aspx" publishTime="09/15/2021 20:17:01" />
    <file relUrl="CierreActividades.aspx" publishTime="09/17/2021 10:59:33" />
    <file relUrl="Scripts/Empleado.js" publishTime="12/30/2019 10:48:00" />
    <file relUrl="Styles/jq/images/ui-bg_glass_60_eeeeee_1x400.png" publishTime="08/25/2017 23:14:04" />
    <file relUrl="Styles/bootstrap/bootstrap.css" publishTime="05/26/2020 14:39:04" />
    <file relUrl="ConfirmacionOrdenCompra.aspx" publishTime="09/03/2021 19:29:00" />
    <file relUrl="CapturaCFDI.aspx" publishTime="07/04/2021 02:13:06" />
    <file relUrl="Scripts/datatables-plugins/dataTables.bootstrap.js" publishTime="05/22/2020 12:40:24" />
    <file relUrl="Scripts/jquery.fixedheadertable.js" publishTime="05/27/2020 20:36:46" />
    <file relUrl="Images/Fondo 3 .jpg" publishTime="11/07/2017 21:36:26" />
    <file relUrl="Images/GEPrime50.png" publishTime="08/19/2019 19:42:08" />
    <file relUrl="Scripts/datatables/dataTables.bootstrap4.min.js" publishTime="05/22/2020 12:39:56" />
    <file relUrl="Images/precarga/espere8.gif" publishTime="05/25/2009 10:52:08" />
    <file relUrl="Styles/acceso.css" publishTime="05/28/2020 16:54:56" />
    <file relUrl="Scripts/funciones.js" publishTime="09/15/2021 19:15:49" />
    <file relUrl="Account/Register.aspx" publishTime="12/30/2015 08:19:14" />
    <file relUrl="ExplosionMateriales.aspx" publishTime="09/07/2021 12:25:36" />
    <file relUrl="AutorizarFlujo.aspx" publishTime="11/23/2020 18:46:34" />
    <file relUrl="ProvisionFlujo.aspx" publishTime="07/23/2021 13:44:45" />
    <file relUrl="Scripts/bootstrap/bootstrap.js" publishTime="05/22/2020 12:39:08" />
    <file relUrl="Images/precarga/espere4.gif" publishTime="05/25/2009 10:40:10" />
    <file relUrl="Styles/jq/images/animated-overlay.gif" publishTime="08/25/2017 23:14:04" />
    <file relUrl="Scripts/datatables/dataTables.bootstrap4.js" publishTime="05/22/2020 12:39:56" />
    <file relUrl="PolizasSeguro.aspx" publishTime="09/27/2021 18:45:47" />
    <file relUrl="Styles/datatables/js/dataTables.foundation.min.js" publishTime="05/22/2020 13:49:02" />
    <file relUrl="Empresas.aspx" publishTime="08/16/2021 19:36:00" />
    <file relUrl="Styles/font-awesome/font-awesome.css" publishTime="05/22/2020 12:36:38" />
    <file relUrl="PronosticoCostoVenta.aspx" publishTime="06/29/2021 13:09:27" />
    <file relUrl="GenerarCatalogo.aspx" publishTime="08/17/2021 16:47:14" />
    <file relUrl="AuditarInventario.aspx" publishTime="07/04/2021 02:43:12" />
    <file relUrl="Images/botones/Imprimir.png" publishTime="12/30/2015 12:32:42" />
    <file relUrl="Styles/fonts/fontawesome-webfont.svg" publishTime="05/22/2020 12:37:10" />
    <file relUrl="bin/AjaxPro.dll" publishTime="03/04/2015 15:36:20" />
    <file relUrl="Scripts/datatables/jquery.js" publishTime="05/22/2020 12:39:56" />
    <file relUrl="Requisiciones.aspx" publishTime="09/07/2021 16:02:06" />
    <file relUrl="Styles/jq/images/ui-icons_454545_256x240.png" publishTime="08/25/2017 23:14:04" />
    <file relUrl="ReporteDevolucionesCapital.aspx" publishTime="08/10/2021 01:15:40" />
    <file relUrl="Styles/datatables/css/dataTables.semanticui.min.css" publishTime="05/22/2020 13:48:38" />
    <file relUrl="ReporteEgresosRealesMes.aspx" publishTime="08/10/2021 01:16:24" />
    <file relUrl="ReporteCotizaciones.aspx" publishTime="09/03/2021 19:18:12" />
    <file relUrl="Account/Web.config" publishTime="12/30/2015 08:19:14" />
    <file relUrl="PermisosUsuarios.aspx" publishTime="11/23/2020 18:53:44" />
    <file relUrl="Styles/datatables/js/dataTables.bootstrap4.js" publishTime="05/22/2020 13:49:02" />
    <file relUrl="bin/AjaxControlToolkit.dll" publishTime="04/03/2018 21:44:06" />
    <file relUrl="Styles/datatables/images/sort_asc_disabled.png" publishTime="05/22/2020 13:48:50" />
    <file relUrl="EntradaArticulosOrdenCompra.aspx" publishTime="08/12/2021 14:29:33" />
    <file relUrl="AutorizarRequisiciones.aspx" publishTime="12/17/2020 23:55:20" />
    <file relUrl="Scripts/sb-admin-2.js" publishTime="05/22/2020 12:42:24" />
    <file relUrl="Styles/jq/images/ui-bg_glass_100_f8f8f8_1x400.png" publishTime="08/25/2017 23:14:04" />
    <file relUrl="MovimientosBancarios.aspx" publishTime="03/19/2021 13:11:49" />
    <file relUrl="Styles/datatables/css/dataTables.material.min.css" publishTime="05/22/2020 13:48:38" />
    <file relUrl="Styles/jq/jquery-ui-1.10.4.custom.css" publishTime="09/02/2017 00:12:46" />
    <file relUrl="Images/botones/Buscar.png" publishTime="12/30/2015 12:57:52" />
    <file relUrl="AbonoProveedor.aspx" publishTime="11/23/2020 18:45:37" />
    <file relUrl="Scripts/metisMenu/metisMenu.js" publishTime="05/22/2020 12:41:46" />
    <file relUrl="DespachoArticulosASitio.aspx" publishTime="08/12/2021 14:32:21" />
    <file relUrl="Proveedores.aspx" publishTime="09/24/2021 09:24:22" />
    <file relUrl="Styles/datatables/css/jquery.dataTables.css" publishTime="05/22/2020 13:48:38" />
    <file relUrl="Images/botones/Grabar.png" publishTime="12/30/2015 12:33:00" />
    <file relUrl="Styles/datatables/images/sort_desc.png" publishTime="05/22/2020 13:48:50" />
    <file relUrl="Styles/jq/images/ui-bg_gloss-wave_45_817865_500x100.png" publishTime="08/13/2019 08:50:08" />
    <file relUrl="ArticulosASitio.aspx" publishTime="01/13/2021 19:45:44" />
    <file relUrl="Styles/datatables/css/jquery.dataTables.min.css" publishTime="05/22/2020 13:48:38" />
    <file relUrl="CapturarVolumenConstruido.aspx" publishTime="09/06/2021 02:56:22" />
    <file relUrl="Scripts/datatables/dataTables.material.js" publishTime="05/22/2020 12:39:56" />
    <file relUrl="Scripts/jq/jquery-ui-1.10.4.custom.js" publishTime="08/25/2017 23:14:04" />
    <file relUrl="Styles/datatables/js/dataTables.jqueryui.min.js" publishTime="05/22/2020 13:49:02" />
    <file relUrl="Scripts/datatables/dataTables.foundation.min.js" publishTime="05/22/2020 12:39:56" />
    <file relUrl="Scripts/datatables/dataTables.uikit.min.js" publishTime="05/22/2020 12:39:56" />
    <file relUrl="Styles/datatables/js/dataTables.semanticui.min.js" publishTime="05/22/2020 13:49:02" />
    <file relUrl="Styles/datatables/js/jquery.js" publishTime="05/22/2020 13:49:02" />
    <file relUrl="ReporteMontosPronosticoCuentaOrdenente.aspx" publishTime="08/10/2021 01:21:31" />
    <file relUrl="Almacenes.aspx" publishTime="08/18/2021 08:13:47" />
    <file relUrl="Styles/datatables/css/dataTables.bootstrap4.min.css" publishTime="05/22/2020 13:48:38" />
    <file relUrl="PrevioPresupuesto.aspx" publishTime="09/03/2021 09:53:04" />
    <file relUrl="Inmuebles.aspx" publishTime="09/27/2021 18:51:36" />
    <file relUrl="CuentasPropias.aspx" publishTime="09/27/2021 17:46:43" />
    <file relUrl="Global.asax" publishTime="12/30/2015 08:19:14" />
    <file relUrl="Styles/jq/images/ui-bg_inset-hard_75_999999_1x100.png" publishTime="08/25/2017 23:14:04" />
    <file relUrl="Bancos.aspx" publishTime="09/06/2021 14:34:59" />
    <file relUrl="Styles/bootstrap/bootstrap-select.min.css" publishTime="05/22/2020 12:33:40" />
    <file relUrl="Account/Login.aspx" publishTime="12/30/2015 08:19:14" />
    <file relUrl="ConciliacioBancaria.aspx" publishTime="11/23/2020 18:48:51" />
    <file relUrl="Web.config" publishTime="09/28/2021 08:41:33" />
    <file relUrl="Styles/jq/images/ui-bg_inset-soft_50_ffffff_1x100.png" publishTime="08/25/2017 23:14:04" />
    <file relUrl="Styles/datatables/css/dataTables.material.css" publishTime="05/22/2020 13:48:38" />
    <file relUrl="ReporteActividades.aspx" publishTime="01/29/2021 12:07:40" />
    <file relUrl="ReporteAportacionesCapital.aspx" publishTime="08/10/2021 01:14:30" />
    <file relUrl="Images/precarga/espere2.gif" publishTime="05/25/2009 10:36:22" />
    <file relUrl="Scripts/datatables/dataTables.semanticui.js" publishTime="05/22/2020 12:39:56" />
    <file relUrl="Auditoria.aspx" publishTime="11/23/2020 18:46:14" />
    <file relUrl="Facturacion.aspx" publishTime="11/23/2020 18:50:17" />
    <file relUrl="Styles/font-awesome/font-awesome.min.css" publishTime="03/19/2021 18:55:35" />
    <file relUrl="RepGuiaContable.aspx" publishTime="08/12/2021 09:10:37" />
    <file relUrl="Images/loading2.gif" publishTime="11/10/2008 15:25:34" />
    <file relUrl="FamiliasCuentasContables.aspx" publishTime="08/16/2021 19:22:43" />
    <file relUrl="ProgramaProduccion.aspx" publishTime="01/29/2021 11:44:29" />
    <file relUrl="Images/precarga/espere7.gif" publishTime="05/25/2009 10:53:40" />
    <file relUrl="Styles/datatables/css/dataTables.semanticui.css" publishTime="05/22/2020 13:48:38" />
    <file relUrl="OrdenesCompra.aspx" publishTime="07/07/2021 13:38:44" />
    <file relUrl="Scripts/datatables/dataTables.material.min.js" publishTime="05/22/2020 12:39:56" />
    <file relUrl="Styles/datatables/js/dataTables.jqueryui.js" publishTime="05/22/2020 13:49:02" />
    <file relUrl="Scripts/datatables/dataTables.foundation.js" publishTime="05/22/2020 12:39:56" />
    <file relUrl="ReporteIngresosMensuales.aspx" publishTime="08/10/2021 01:20:48" />
    <file relUrl="bin/itextsharp.dll" publishTime="08/12/2021 15:12:05" />
    <file relUrl="Styles/datatables/css/dataTables.uikit.min.css" publishTime="05/22/2020 13:48:38" />
    <file relUrl="Images/Logo.bmp" publishTime="01/26/2016 00:03:30" />
    <file relUrl="CapturaProcesos.aspx" publishTime="09/16/2021 16:23:03" />
    <file relUrl="Scripts/datatables/dataTables.bootstrap.min.js" publishTime="05/22/2020 12:39:56" />
    <file relUrl="Styles/sb-admin-2.css" publishTime="05/25/2020 18:23:06" />
    <file relUrl="ReporteEstadosResultados.aspx" publishTime="08/16/2021 18:58:32" />
    <file relUrl="Images/precarga/espere6.gif" publishTime="05/25/2009 10:48:58" />
    <file relUrl="Scripts/datatables-responsive/dataTables.responsive.js" publishTime="05/22/2020 12:40:50" />
    <file relUrl="Scripts/acceso.js" publishTime="12/18/2019 10:42:30" />
    <file relUrl="ComparativoCot.aspx" publishTime="09/06/2021 17:47:46" />
    <file relUrl="Styles/datatables/js/jquery.dataTables.js" publishTime="05/22/2020 13:49:02" />
    <file relUrl="Scripts/datatables/dataTables.uikit.js" publishTime="05/22/2020 12:39:56" />
    <file relUrl="bin/SAGEP.pdb" publishTime="09/28/2021 08:41:19" />
    <file relUrl="Styles/jq/images/ui-icons_3383bb_256x240.png" publishTime="08/25/2017 23:14:04" />
    <file relUrl="ProgAbast.aspx" publishTime="03/11/2021 16:08:23" />
    <file relUrl="Styles/datatables-responsive/dataTables.responsive.css" publishTime="11/19/2020 02:51:02" />
    <file relUrl="Styles/datatables/images/sort_both.png" publishTime="05/22/2020 13:48:50" />
    <file relUrl="ReporteFEMensual.aspx" publishTime="08/10/2021 01:18:51" />
    <file relUrl="Styles/datatables/js/dataTables.uikit.js" publishTime="05/22/2020 13:49:02" />
    <file relUrl="Styles/datatables/css/dataTables.uikit.css" publishTime="05/22/2020 13:48:38" />
    <file relUrl="Empleados.aspx" publishTime="04/19/2021 18:22:45" />
    <file relUrl="Images/precarga/espere1.gif" publishTime="04/14/2014 12:37:36" />
    <file relUrl="Styles/datatables/css/dataTables.jqueryui.min.css" publishTime="05/22/2020 13:48:38" />
    <file relUrl="GoCompra.aspx" publishTime="09/03/2021 19:08:54" />
    <file relUrl="Scripts/jq/jquery-1.10.2.js" publishTime="08/25/2017 23:14:04" />
    <file relUrl="Images/icons/Eliminar.ico" publishTime="07/09/2018 11:42:02" />
    <file relUrl="PresupuestoEgresos.aspx" publishTime="07/26/2021 19:36:52" />
    <file relUrl="Styles/metisMenu/metisMenu.min.css" publishTime="05/22/2020 12:37:44" />
    <file relUrl="Styles/datatables/css/dataTables.foundation.min.css" publishTime="05/22/2020 13:48:38" />
    <file relUrl="Images/precarga/espere3.gif" publishTime="05/25/2009 10:39:48" />
    <file relUrl="Styles/jqtable/myTheme.css" publishTime="10/29/2017 12:50:20" />
    <file relUrl="PresupuestoVenta.aspx" publishTime="03/11/2021 13:26:27" />
    <file relUrl="PronosticoEgresosFamilia.aspx" publishTime="08/10/2021 01:34:00" />
    <file relUrl="Styles/datatables/js/dataTables.foundation.js" publishTime="05/22/2020 13:49:02" />
    <file relUrl="DespachoAlMov.aspx" publishTime="01/16/2021 12:55:22" />
    <file relUrl="Articulos.aspx" publishTime="09/28/2021 08:41:04" />
    <file relUrl="ReportePResupuestadoSemanas.aspx" publishTime="08/10/2021 01:23:01" />
    <file relUrl="ReportesInventarios.aspx" publishTime="07/07/2021 08:03:44" />
    <file relUrl="LineasTelefonicas.aspx" publishTime="11/23/2020 18:52:53" />
    <file relUrl="Styles/datatables/images/favicon.ico" publishTime="05/22/2020 13:48:50" />
    <file relUrl="Clientes.aspx" publishTime="07/16/2021 16:01:32" />
    <file relUrl="Styles/datatables/js/dataTables.bootstrap4.min.js" publishTime="05/22/2020 13:49:02" />
    <file relUrl="Acceso.aspx" publishTime="11/19/2020 03:11:15" />
    <file relUrl="Scripts/datatables/dataTables.semanticui.min.js" publishTime="05/22/2020 12:39:56" />
    <file relUrl="TraspasoArticulos.aspx" publishTime="08/12/2021 14:31:31" />
    <file relUrl="Inicio.aspx" publishTime="11/23/2020 18:52:23" />
    <file relUrl="Styles/jquery-confirm.css" publishTime="05/22/2020 12:38:12" />
    <file relUrl="DespachoASitio.aspx" publishTime="08/12/2021 14:33:10" />
    <file relUrl="Scripts/bootstrap-select.js" publishTime="05/22/2020 12:42:22" />
    <file relUrl="Scripts/datatables-plugins/dataTables.bootstrap.min.js" publishTime="05/22/2020 12:40:24" />
    <file relUrl="Styles/datatables/js/jquery.dataTables.min.js" publishTime="05/22/2020 13:49:02" />
    <file relUrl="Styles/datatables/js/dataTables.semanticui.js" publishTime="05/22/2020 13:49:02" />
    <file relUrl="Styles/datatables/js/dataTables.material.min.js" publishTime="05/22/2020 13:49:02" />
    <file relUrl="Account/ChangePassword.aspx" publishTime="12/30/2015 08:19:14" />
    <file relUrl="AutorizarOrdenesDispersion.aspx" publishTime="07/07/2021 06:47:25" />
    <file relUrl="Images/loading.gif" publishTime="12/30/2015 11:06:52" />
    <file relUrl="Styles/jq/images/ui-icons_999999_256x240.png" publishTime="08/25/2017 23:14:04" />
    <file relUrl="Styles/datatables/images/sort_asc.png" publishTime="05/22/2020 13:48:50" />
    <file relUrl="Scripts/jquery/jquery.min.js" publishTime="05/22/2020 12:41:16" />
    <file relUrl="ProyectoEjecutivo.aspx" publishTime="07/07/2021 08:10:07" />
    <file relUrl="Account/ChangePasswordSuccess.aspx" publishTime="12/30/2015 08:19:14" />
    <file relUrl="Styles/jq/images/ui-bg_glass_35_dddddd_1x400.png" publishTime="08/25/2017 23:14:04" />
    <file relUrl="Styles/datatables/css/dataTables.bootstrap.min.css" publishTime="05/22/2020 13:48:38" />
    <file relUrl="Scripts/datatables/dataTables.jqueryui.js" publishTime="05/22/2020 12:39:56" />
    <file relUrl="Styles/bootstrap/bootstrap-select.css" publishTime="05/22/2020 12:33:40" />
    <file relUrl="Styles/datatables/js/dataTables.bootstrap.min.js" publishTime="05/22/2020 13:49:02" />
    <file relUrl="Images/botones/User.png" publishTime="12/30/2015 12:50:36" />
    <file relUrl="CorreccionesConciliacion.aspx" publishTime="11/23/2020 18:48:59" />
    <file relUrl="Cargo_Abono.aspx" publishTime="07/06/2021 11:09:04" />
    <file relUrl="Styles/metisMenu/metisMenu.css" publishTime="05/22/2020 12:37:44" />
    <file relUrl="Styles/bootstrap/bootstrap.min.css" publishTime="05/28/2021 14:59:52" />
    <file relUrl="Scripts/datatables/jquery.dataTables.min.js" publishTime="05/22/2020 12:39:56" />
    <file relUrl="Images/botones/Limpiar.png" publishTime="12/30/2015 12:58:22" />
    <file relUrl="ReporteFESemanal.aspx" publishTime="08/10/2021 01:19:35" />
    <file relUrl="Styles/jq/images/ui-icons_fbc856_256x240.png" publishTime="08/25/2017 23:14:04" />
    <file relUrl="ReportePresupuestadoMes.aspx" publishTime="08/10/2021 01:22:12" />
    <file relUrl="AutorizarASitio.aspx" publishTime="01/15/2021 11:48:51" />
    <file relUrl="Depreciaciones.aspx" publishTime="11/23/2020 18:49:25" />
    <file relUrl="LigarCFDI.aspx" publishTime="11/23/2020 18:52:42" />
    <file relUrl="Scripts/datatables/dataTables.jqueryui.min.js" publishTime="05/22/2020 12:39:56" />
    <file relUrl="Scripts/bootstrap/bootstrap.bundle.js" publishTime="05/22/2020 12:39:08" />
    <file relUrl="Scripts/bootstrap/bootstrap.bundle.min.js" publishTime="05/22/2020 12:39:08" />
    <file relUrl="PlanTrabajo.aspx" publishTime="09/17/2021 10:24:07" />
    <file relUrl="Scripts/bootstrap/bootstrap.min.js" publishTime="05/22/2020 12:39:08" />
    <file relUrl="Styles/Site.css" publishTime="09/03/2021 00:02:23" />
    <file relUrl="VoBoEntregables.aspx" publishTime="06/15/2021 18:53:43" />
    <file relUrl="Styles/datatables/images/sort_desc_disabled.png" publishTime="05/22/2020 13:48:50" />
    <file relUrl="Images/botones/nuevo.png" publishTime="02/25/2018 12:48:16" />
    <file relUrl="Scripts/jquery/jquery.js" publishTime="05/22/2020 12:41:16" />
    <file relUrl="Styles/jq/images/ui-icons_70b2e1_256x240.png" publishTime="08/25/2017 23:14:04" />
    <file relUrl="bin/SAGEP.dll" publishTime="09/28/2021 08:41:19" />
    <file relUrl="ReestablecerPassword.aspx" publishTime="12/15/2020 22:36:26" />
    <file relUrl="Styles/datatables/js/dataTables.uikit.min.js" publishTime="05/22/2020 13:49:02" />
    <file relUrl="Scripts/datatables/jquery.dataTables.js" publishTime="05/22/2020 12:39:56" />
    <file relUrl="Scripts/metisMenu/metisMenu.min.js" publishTime="05/22/2020 12:41:46" />
    <file relUrl="Styles/jqtable/defaultTheme.css" publishTime="12/30/2015 08:49:00" />
    <file relUrl="Styles/datatables/js/dataTables.bootstrap.js" publishTime="05/22/2020 13:49:02" />
    <file relUrl="Images/precarga/espere5.gif" publishTime="05/25/2009 10:48:24" />
    <file relUrl="Styles/datatables/css/jquery.dataTables_themeroller.css" publishTime="05/22/2020 13:48:38" />
    <file relUrl="Styles/datatables/js/dataTables.material.js" publishTime="05/22/2020 13:49:02" />
    <file relUrl="Styles/datatables/css/dataTables.bootstrap.css" publishTime="05/22/2020 13:48:38" />
    <file relUrl="OENF.aspx" publishTime="01/29/2021 15:07:57" />
    <file relUrl="Images/precarga/espere9.gif" publishTime="05/25/2015 21:25:06" />
    <file relUrl="Scripts/jquery-confirm.js" publishTime="05/22/2020 12:42:24" />
    <file relUrl="Styles/datatables/css/dataTables.foundation.css" publishTime="05/22/2020 13:48:38" />
    <file relUrl="Scripts/datatables/dataTables.bootstrap.js" publishTime="05/22/2020 12:39:56" />
    <file relUrl="Styles/datatables-plugins/dataTables.bootstrap.css" publishTime="05/22/2020 13:45:42" />
    <file relUrl="OperarOrdenes.aspx" publishTime="07/05/2021 02:51:05" />
    <file relUrl="CapturarSaldos.aspx" publishTime="07/04/2021 02:30:19" />
    <file relUrl="Styles/datatables/css/dataTables.jqueryui.css" publishTime="05/22/2020 13:48:38" />
    <file relUrl="Styles/datatables/css/dataTables.bootstrap4.css" publishTime="05/22/2020 13:48:38" />
    <file relUrl="Images/GEPrime.png" publishTime="08/02/2017 09:28:26" />
    <file relUrl="CapturaFechasYVolumenes.aspx" publishTime="03/11/2021 14:33:40" />
    <file relUrl="GenerateFile.aspx" publishTime="06/11/2020 23:03:38" />
    <file relUrl="ReporteEgresosRealesSemanal.aspx" publishTime="08/10/2021 01:17:23" />
    <file relUrl="PresupuestoSemanal.aspx" publishTime="08/02/2021 22:24:34" />
  </publishProfile>
</publishData>